Workbook

Sheet Sheet1
A1: 请求链接 | B1: 游戏名称 | C1: 发布日期 | D1: 下载量 | E1: 关注量 | F1: 评分 | G1: 评价数量 | H1: 核对
A2: https://www.taptap.cn/app/849542?os=android | B2: 无边星空 | C2: 2026-04-27 | D2: 2497 | E2: 1896 | F2: 7.6 | G2: 55 | H2: =VLOOKUP(A2,[1]游戏清单!$A$2:$A$3064,1,FALSE) -> https://www.taptap.cn/app/849542?os=android
A3: https://www.taptap.cn/app/848627?os=android | B3: 你是哪种傻福？ | C3: 2026-04-24 | D3: 8931 | E3: 8262 | F3: 5.2 | G3: 64 | H3: =VLOOKUP(A3,[1]游戏清单!$A$2:$A$3064,1,FALSE) -> https://www.taptap.cn/app/848627?os=android
A4: https://www.taptap.cn/app/847989?os=android | B4: 捕鱼大亨 | C4: 2026-04-23 | D4: 259 | E4: 229 | F4: 1 | G4: 2 | H4: =VLOOKUP(A4,[1]游戏清单!$A$2:$A$3064,1,FALSE) -> https://www.taptap.cn/app/847989?os=android
A5: https://www.taptap.cn/app/816371?os=android | B5: 装甲新世纪 | C5: 2026-02-06 | D5: 369 | E5: 365 | F5: 1 | G5: 2 | H5: =VLOOKUP(A5,[1]游戏清单!$A$2:$A$3064,1,FALSE) -> https://www.taptap.cn/app/816371?os=android
A6: https://www.taptap.cn/app/849109?os=android | B6: 血之末裔 | C6: 2026-04-28 | D6: 329 | E6: 246 | F6: 9.2 | G6: 7 | H6: =VLOOKUP(A6,[1]游戏清单!$A$2:$A$3064,1,FALSE) -> https://www.taptap.cn/app/849109?os=android
A7: https://www.taptap.cn/app/841899?os=android | B7: 末日生存推演 | C7: 2026-04-13 | D7: 307 | E7: 263 | F7: 5.9 | G7: 7 | H7: =VLOOKUP(A7,[1]游戏清单!$A$2:$A$3064,1,FALSE) -> https://www.taptap.cn/app/841899?os=android
A8: https://www.taptap.cn/app/841429?os=android | B8: 战姬防线 | C8: 2026-04-28 | D8: 5902 | E8: 4785 | F8: 9 | G8: 40 | H8: =VLOOKUP(A8,[1]游戏清单!$A$2:$A$3064,1,FALSE) -> https://www.taptap.cn/app/841429?os=android
A9: https://www.taptap.cn/app/843499?os=android | B9: 放置暗黑传奇 | C9: 2026-04-23 | D9: 6448 | E9: 4945 | F9: 8 | G9: 55 | H9: =VLOOKUP(A9,[1]游戏清单!$A$2:$A$3064,1,FALSE) -> https://www.taptap.cn/app/843499?os=android
A10: https://www.taptap.cn/app/848783?os=android | B10: 一刀999 | C10: 2026-04-25 | D10: 1798 | E10: 1286 | F10: 6.4 | G10: 27 | H10: =VLOOKUP(A10,[1]游戏清单!$A$2:$A$3064,1,FALSE) -> https://www.taptap.cn/app/848783?os=android
A11: https://www.taptap.cn/app/850415?os=android | B11: 菜场大亨 | C11: 2026-04-29 | D11: 3583 | E11: 3099 | F11: 8.3 | G11: 16 | H11: =VLOOKUP(A11,[1]游戏清单!$A$2:$A$3064,1,FALSE) -> https://www.taptap.cn/app/850415?os=android
A12: https://www.taptap.cn/app/846160?os=android | B12: 像素守卫战 | C12: 2026-05-01 | D12: 251 | E12: 216 | F12: 6.2 | G12: 12 | H12: =VLOOKUP(A12,[1]游戏清单!$A$2:$A$3064,1,FALSE) -> https://www.taptap.cn/app/846160?os=android
A13: https://www.taptap.cn/app/820836?os=android | B13: 迷雾庇护所 | C13: 2026-02-24 | D13: 29602 | E13: 26223 | F13: 8.3 | G13: 168 | H13: =VLOOKUP(A13,[1]游戏清单!$A$2:$A$3064,1,FALSE) -> https://www.taptap.cn/app/820836?os=android
... A65: https://www.taptap.cn/app/839176?os=android | B65: 真实人生：模拟生活 | C65: 2026-04-24 | D65: 72722 | E65: 70173 | F65: 7.6 | G65: 406 | H65: =VLOOKUP(A65,[1]游戏清单!$A$2:$A$3064,1,FALSE) -> https://www.taptap.cn/app/839176?os=android
A66: https://www.taptap.cn/app/850502?os=android | B66: 获取失败 | C66: 获取失败 | D66: 获取失败 | E66: 获取失败 | F66: 获取失败 | G66: 获取失败 | H66: =VLOOKUP(A66,[1]游戏清单!$A$2:$A$3064,1,FALSE) -> https://www.taptap.cn/app/850502?os=android
A67: https://www.taptap.cn/app/825688?os=android | B67: 一剑入江湖 | C67: 2026-03-14 | D67: 2156 | E67: 1447 | F67: 6.9 | G67: 36 | H67: =VLOOKUP(A67,[1]游戏清单!$A$2:$A$3064,1,FALSE) -> https://www.taptap.cn/app/825688?os=android
A68: https://www.taptap.cn/app/835416?os=android | B68: 暗黑神破坏 | C68: 2026-04-06 | D68: 2080 | E68: 1546 | F68: 4.1 | G68: 39 | H68: =VLOOKUP(A68,[1]游戏清单!$A$2:$A$3064,1,FALSE) -> https://www.taptap.cn/app/835416?os=android
A69: https://www.taptap.cn/app/835231?os=android | B69: 骰了个骰3D | C69: 2026-03-29 | D69: 63 | E69: 53 | F69: 未找到 | G69: 未找到 | H69: =VLOOKUP(A69,[1]游戏清单!$A$2:$A$3064,1,FALSE) -> https://www.taptap.cn/app/835231?os=android
A70: https://www.taptap.cn/app/842752?os=android | B70: 道觅 | C70: 2026-04-30 | D70: 0 | E70: 78 | F70: 5.7 | G70: 5 | H70: =VLOOKUP(A70,[1]游戏清单!$A$2:$A$3064,1,FALSE) -> https://www.taptap.cn/app/842752?os=android
A71: https://www.taptap.cn/app/838284?os=android | B71: 魔兽城堡：我养成了SS英雄 | C71: 2026-04-14 | D71: 2234 | E71: 1625 | F71: 7.6 | G71: 23 | H71: =VLOOKUP(A71,[1]游戏清单!$A$2:$A$3064,1,FALSE) -> https://www.taptap.cn/app/838284?os=android
A72: https://www.taptap.cn/app/836736?os=android | B72: 系统蛇：代码围城 | C72: 2026-04-03 | D72: 109 | E72: 125 | F72: 1 | G72: 3 | H72: =VLOOKUP(A72,[1]游戏清单!$A$2:$A$3064,1,FALSE) -> https://www.taptap.cn/app/836736?os=android
A73: https://www.taptap.cn/app/838319?os=android | B73: 巅峰征程:电竞人生 | C73: 2026-04-07 | D73: 46707 | E73: 41304 | F73: 8.5 | G73: 124 | H73: =VLOOKUP(A73,[1]游戏清单!$A$2:$A$3064,1,FALSE) -> https://www.taptap.cn/app/838319?os=android
A74: https://www.taptap.cn/app/845402?os=android | B74: 星殖计划 | C74: 2026-04-20 | D74: 4736 | E74: 4034 | F74: 5.8 | G74: 15 | H74: =VLOOKUP(A74,[1]游戏清单!$A$2:$A$3064,1,FALSE) -> https://www.taptap.cn/app/845402?os=android
A75: https://www.taptap.cn/app/839013?os=android | B75: 克苏鲁降临：生物进化 | C75: 2026-04-07 | D75: 28955 | E75: 24834 | F75: 7 | G75: 114 | H75: =VLOOKUP(A75,[1]游戏清单!$A$2:$A$3064,1,FALSE) -> https://www.taptap.cn/app/839013?os=android
A76: https://www.taptap.cn/app/835201?os=android | B76: 丧尸末日：幸存者基地 | C76: 2026-03-28 | D76: 2060 | E76: 1752 | F76: 7.3 | G76: 22 | H76: =VLOOKUP(A76,[1]游戏清单!$A$2:$A$3064,1,FALSE) -> https://www.taptap.cn/app/835201?os=android
A77: https://www.taptap.cn/app/841536?os=android | B77: 斗战三国 | C77: 2026-04-17 | D77: 3352 | E77: 3115 | F77: 9.2 | G77: 10 | H77: =VLOOKUP(A77,[1]游戏清单!$A$2:$A$3064,1,FALSE) -> https://www.taptap.cn/app/841536?os=android
A78: https://www.taptap.cn/app/834893?os=android | B78: 极限堡垒 | C78: 2026-03-29 | D78: 7108 | E78: 5855 | F78: 8.1 | G78: 40 | H78: =VLOOKUP(A78,[1]游戏清单!$A$2:$A$3064,1,FALSE) -> https://www.taptap.cn/app/834893?os=android
A79: https://www.taptap.cn/app/836346?os=android | B79: 纸牌合集 | C79: 2026-03-31 | D79: 1358 | E79: 1313 | F79: 1 | G79: 7 | H79: =VLOOKUP(A79,[1]游戏清单!$A$2:$A$3064,1,FALSE) -> https://www.taptap.cn/app/836346?os=android
A80: https://www.taptap.cn/app/844899?os=android | B80: 末班地铁：无限循环 | C80: 2026-04-28 | D80: 40 | E80: 47 | F80: 1 | G80: 1 | H80: =VLOOKUP(A80,[1]游戏清单!$A$2:$A$3064,1,FALSE) -> https://www.taptap.cn/app/844899?os=android
A81: https://www.taptap.cn/app/831667?os=android | B81: 废土求生 | C81: 2026-03-27 | D81: 129 | E81: 105 | F81: 4.4 | G81: 5 | H81: =VLOOKUP(A81,[1]游戏清单!$A$2:$A$3064,1,FALSE) -> https://www.taptap.cn/app/831667?os=android
... A86: https://www.taptap.cn/app/848858?os=android | B86: 逍遥修仙录 | C86: 2026-04-25 | D86: 425 | E86: 331 | F86: 7.6 | G86: 16 | H86: =VLOOKUP(A86,[1]游戏清单!$A$2:$A$3064,1,FALSE) -> https://www.taptap.cn/app/848858?os=android
A87: https://www.taptap.cn/app/848989?os=android | B87: 末日沙漠生存 | C87: 2026-04-26 | D87: 97 | E87: 98 | F87: 未找到 | G87: 未找到 | H87: =VLOOKUP(A87,[1]游戏清单!$A$2:$A$3064,1,FALSE) -> https://www.taptap.cn/app/848989?os=android
A88: https://www.taptap.cn/app/848539?os=android | B88: 我的战车无限升级 | C88: 2026-04-26 | D88: 4190 | E88: 3512 | F88: 7.5 | G88: 30 | H88: =VLOOKUP(A88,[1]游戏清单!$A$2:$A$3064,1,FALSE) -> https://www.taptap.cn/app/848539?os=android
A89: https://www.taptap.cn/app/841297?os=android | B89: 纪元之战 | C89: 2026-04-12 | D89: 804 | E89: 649 | F89: 7.4 | G89: 11 | H89: =VLOOKUP(A89,[1]游戏清单!$A$2:$A$3064,1,FALSE) -> https://www.taptap.cn/app/841297?os=android
A90: https://www.taptap.cn/app/848937?os=android | B90: 富婆修仙只修法器 | C90: 2026-04-29 | D90: 321 | E90: 246 | F90: 7.6 | G90: 5 | H90: =VLOOKUP(A90,[1]游戏清单!$A$2:$A$3064,1,FALSE) -> https://www.taptap.cn/app/848937?os=android
A91: https://www.taptap.cn/app/835578?os=android | B91: 堆叠纪元：赛博五十日 | C91: 2026-04-15 | D91: 3733 | E91: 3063 | F91: 8 | G91: 26 | H91: =VLOOKUP(A91,[1]游戏清单!$A$2:$A$3064,1,FALSE) -> https://www.taptap.cn/app/835578?os=android
A92: https://www.taptap.cn/app/848846?os=android | B92: 流放之我技能最强 | C92: 2026-04-27 | D92: 3339 | E92: 2555 | F92: 5.5 | G92: 16 | H92: =VLOOKUP(A92,[1]游戏清单!$A$2:$A$3064,1,FALSE) -> https://www.taptap.cn/app/848846?os=android
A93: https://www.taptap.cn/app/850098?os=android | B93: 美国斩杀线 | C93: 2026-04-28 | D93: 463 | E93: 443 | F93: 1 | G93: 1 | H93: =VLOOKUP(A93,[1]游戏清单!$A$2:$A$3064,1,FALSE) -> https://www.taptap.cn/app/850098?os=android
A94: https://www.taptap.cn/app/850666?os=android | B94: 风暴临界点 | C94: 2026-04-30 | D94: 24 | E94: 21 | F94: 未找到 | G94: 未找到 | H94: =VLOOKUP(A94,[1]游戏清单!$A$2:$A$3064,1,FALSE) -> https://www.taptap.cn/app/850666?os=android
A95: https://www.taptap.cn/app/838189?os=android | B95: 江湖录 | C95: 2026-04-07 | D95: 3808 | E95: 2907 | F95: 8.6 | G95: 26 | H95: =VLOOKUP(A95,[1]游戏清单!$A$2:$A$3064,1,FALSE) -> https://www.taptap.cn/app/838189?os=android
A96: https://www.taptap.cn/app/850703?os=android | B96: 康威生命世界 | C96: 2026-04-30 | D96: 34 | E96: 35 | F96: 未找到 | G96: 未找到 | H96: =VLOOKUP(A96,[1]游戏清单!$A$2:$A$3064,1,FALSE) -> https://www.taptap.cn/app/850703?os=android
A97: https://www.taptap.cn/app/841175?os=android | B97: 从寻宝开始映照诸天 | C97: 2026-07-25 | D97: 0 | E97: 101 | F97: 未找到 | G97: 未找到 | H97: =VLOOKUP(A97,[1]游戏清单!$A$2:$A$3064,1,FALSE) -> https://www.taptap.cn/app/841175?os=android
A98: https://www.taptap.cn/app/849547?os=android | B98: 打猴子 | C98: 2026-04-28 | D98: 61 | E98: 62 | F98: 1 | G98: 5 | H98: =VLOOKUP(A98,[1]游戏清单!$A$2:$A$3064,1,FALSE) -> https://www.taptap.cn/app/849547?os=android
A99: https://www.taptap.cn/app/840997?os=android | B99: 海上避难所 | C99: 2026-04-13 | D99: 32916 | E99: 29032 | F99: 6.1 | G99: 56 | H99: =VLOOKUP(A99,[1]游戏清单!$A$2:$A$3064,1,FALSE) -> https://www.taptap.cn/app/840997?os=android
A100: https://www.taptap.cn/app/849386?os=android | B100: 蜗牛弹弹弹 | C100: 2026-04-28 | D100: 65 | E100: 61 | F100: 7 | G100: 9 | H100: =VLOOKUP(A100,[1]游戏清单!$A$2:$A$3064,1,FALSE) -> https://www.taptap.cn/app/849386?os=android
A101: https://www.taptap.cn/app/849502?os=android | B101: 背了个诗 | C101: 2026-04-30 | D101: 438 | E101: 401 | F101: 未找到 | G101: 未找到 | H101: =VLOOKUP(A101,[1]游戏清单!$A$2:$A$3064,1,FALSE) -> https://www.taptap.cn/app/849502?os=android
A102: https://www.taptap.cn/app/846858?os=android | B102: AI千零一夜 | C102: 2026-04-21 | D102: 485 | E102: 406 | F102: 5.5 | G102: 6 | H102: =VLOOKUP(A102,[1]游戏清单!$A$2:$A$3064,1,FALSE) -> https://www.taptap.cn/app/846858?os=android
A103: https://www.taptap.cn/app/845525?os=android | B103: 剑侠放置 | C103: 2026-04-26 | D103: 1718 | E103: 1205 | F103: 8.5 | G103: 26 | H103: =VLOOKUP(A103,[1]游戏清单!$A$2:$A$3064,1,FALSE) -> https://www.taptap.cn/app/845525?os=android
A104: https://www.taptap.cn/app/847575?os=android | B104: 绿茵生涯 | C104: 2026-04-22 | D104: 23550 | E104: 21019 | F104: 9.1 | G104: 100 | H104: =VLOOKUP(A104,[1]游戏清单!$A$2:$A$3064,1,FALSE) -> https://www.taptap.cn/app/847575?os=android
A105: https://www.taptap.cn/app/828546?os=android | B105: 我要当镇长 | C105: 2026-03-23 | D105: 5611 | E105: 4407 | F105: 7.1 | G105: 55 | H105: =VLOOKUP(A105,[1]游戏清单!$A$2:$A$3064,1,FALSE) -> https://www.taptap.cn/app/828546?os=android
A106: https://www.taptap.cn/app/844256?os=android | B106: 获取失败 | C106: 获取失败 | D106: 获取失败 | E106: 获取失败 | F106: 获取失败 | G106: 获取失败 | H106: =VLOOKUP(A106,[1]游戏清单!$A$2:$A$3064,1,FALSE) -> https://www.taptap.cn/app/844256?os=android
A107: https://www.taptap.cn/app/846359?os=android | B107: 揍翻异兽我无敌 | C107: 2026-04-23 | D107: 558 | E107: 392 | F107: 9.1 | G107: 6 | H107: =VLOOKUP(A107,[1]游戏清单!$A$2:$A$3064,1,FALSE) -> https://www.taptap.cn/app/846359?os=android
A108: https://www.taptap.cn/app/849978?os=android | B108: 投掷小人 | C108: 2026-04-29 | D108: 574 | E108: 551 | F108: 7 | G108: 17 | H108: =VLOOKUP(A108,[1]游戏清单!$A$2:$A$3064,1,FALSE) -> https://www.taptap.cn/app/849978?os=android
A109: https://www.taptap.cn/app/839295?os=android | B109: 开局废灵根，我无敌了 | C109: 2026-04-08 | D109: 33575 | E109: 29164 | F109: 8.2 | G109: 46 | H109: =VLOOKUP(A109,[1]游戏清单!$A$2:$A$3064,1,FALSE) -> https://www.taptap.cn/app/839295?os=android
A110: https://www.taptap.cn/app/841738?os=android | B110: 网文创作者 | C110: 2026-04-12 | D110: 19938 | E110: 17158 | F110: 8.2 | G110: 93 | H110: =VLOOKUP(A110,[1]游戏清单!$A$2:$A$3064,1,FALSE) -> https://www.taptap.cn/app/841738?os=android
A111: https://www.taptap.cn/app/827624?os=android | B111: 每日塔罗 | C111: 2026-03-12 | D111: 166233 | E111: 158837 | F111: 8.1 | G111: 182 | H111: =VLOOKUP(A111,[1]游戏清单!$A$2:$A$3064,1,FALSE) -> https://www.taptap.cn/app/827624?os=android
A112: https://www.taptap.cn/app/834125?os=android | B112: tcg卡牌自走棋 | C112: 2026-03-27 | D112: 290 | E112: 235 | F112: 7.5 | G112: 6 | H112: =VLOOKUP(A112,[1]游戏清单!$A$2:$A$3064,1,FALSE) -> https://www.taptap.cn/app/834125?os=android
A113: https://www.taptap.cn/app/842935?os=android | B113: 二维战场：搜打撤 | C113: 2026-04-16 | D113: 269 | E113: 208 | F113: 1 | G113: 5 | H113: =VLOOKUP(A113,[1]游戏清单!$A$2:$A$3064,1,FALSE) -> https://www.taptap.cn/app/842935?os=android
A114: https://www.taptap.cn/app/828483?os=android | B114: 官居一品 | C114: 2026-03-15 | D114: 0 | E114: 983 | F114: 5.2 | G114: 10 | H114: =VLOOKUP(A114,[1]游戏清单!$A$2:$A$3064,1,FALSE) -> https://www.taptap.cn/app/828483?os=android
A115: https://www.taptap.cn/app/835393?os=android | B115: 元素幸存者 | C115: 2026-03-29 | D115: 60355 | E115: 54153 | F115: 8.6 | G115: 640 | H115: =VLOOKUP(A115,[1]游戏清单!$A$2:$A$3064,1,FALSE) -> https://www.taptap.cn/app/835393?os=android
A116: https://www.taptap.cn/app/845171?os=android | B116: 异变围城：绝境防线 | C116: 2026-04-29 | D116: 75 | E116: 59 | F116: 1 | G116: 2 | H116: =VLOOKUP(A116,[1]游戏清单!$A$2:$A$3064,1,FALSE) -> https://www.taptap.cn/app/845171?os=android
A117: https://www.taptap.cn/app/849709?os=android | B117: 山居物语 | C117: 2026-04-28 | D117: 3252 | E117: 2703 | F117: 7.5 | G117: 18 | H117: =VLOOKUP(A117,[1]游戏清单!$A$2:$A$3064,1,FALSE) -> https://www.taptap.cn/app/849709?os=android
A118: https://www.taptap.cn/app/849419?os=android | B118: 三国·天命所归 | C118: 2026-04-27 | D118: 1659 | E118: 1332 | F118: 6.9 | G118: 14 | H118: =VLOOKUP(A118,[1]游戏清单!$A$2:$A$3064,1,FALSE) -> https://www.taptap.cn/app/849419?os=android
... A126: https://www.taptap.cn/app/841441?os=android | B126: 命运织线 | C126: 2026-04-12 | D126: 6653 | E126: 5824 | F126: 9.3 | G126: 41 | H126: =VLOOKUP(A126,[1]游戏清单!$A$2:$A$3064,1,FALSE) -> https://www.taptap.cn/app/841441?os=android
A127: https://www.taptap.cn/app/849438?os=android | B127: 猪猪大战 | C127: 2026-04-28 | D127: 25 | E127: 23 | F127: 未找到 | G127: 未找到 | H127: =VLOOKUP(A127,[1]游戏清单!$A$2:$A$3064,1,FALSE) -> https://www.taptap.cn/app/849438?os=android
A128: https://www.taptap.cn/app/849467?os=android | B128: 星穹法师：放置刷宝 | C128: 2026-04-28 | D128: 445 | E128: 309 | F128: 7.7 | G128: 7 | H128: =VLOOKUP(A128,[1]游戏清单!$A$2:$A$3064,1,FALSE) -> https://www.taptap.cn/app/849467?os=android
A129: https://www.taptap.cn/app/839738?os=android | B129: 拼拼点之少女的幻想 | C129: 2026-04-26 | D129: 36 | E129: 44 | F129: 1 | G129: 3 | H129: =VLOOKUP(A129,[1]游戏清单!$A$2:$A$3064,1,FALSE) -> https://www.taptap.cn/app/839738?os=android
A130: https://www.taptap.cn/app/831123?os=android | B130: 肉鸽2048 | C130: 2026-03-20 | D130: 58468 | E130: 54343 | F130: 9.2 | G130: 98 | H130: =VLOOKUP(A130,[1]游戏清单!$A$2:$A$3064,1,FALSE) -> https://www.taptap.cn/app/831123?os=android
A131: https://www.taptap.cn/app/845485?os=android | B131: 小爷我挂机成仙 | C131: 2026-04-24 | D131: 496 | E131: 414 | F131: 7 | G131: 11 | H131: =VLOOKUP(A131,[1]游戏清单!$A$2:$A$3064,1,FALSE) -> https://www.taptap.cn/app/845485?os=android
A132: https://www.taptap.cn/app/845526?os=android | B132: 问道长生 | C132: 2026-04-28 | D132: 180 | E132: 140 | F132: 6.9 | G132: 6 | H132: =VLOOKUP(A132,[1]游戏清单!$A$2:$A$3064,1,FALSE) -> https://www.taptap.cn/app/845526?os=android
A133: https://www.taptap.cn/app/849133?os=android | B133: 这一世我必成仙 | C133: 2026-04-27 | D133: 3062 | E133: 2629 | F133: 5.9 | G133: 11 | H133: =VLOOKUP(A133,[1]游戏清单!$A$2:$A$3064,1,FALSE) -> https://www.taptap.cn/app/849133?os=android
A134: https://www.taptap.cn/app/849437?os=android | B134: 获取失败 | C134: 获取失败 | D134: 获取失败 | E134: 获取失败 | F134: 获取失败 | G134: 获取失败 | H134: =VLOOKUP(A134,[1]游戏清单!$A$2:$A$3064,1,FALSE) -> https://www.taptap.cn/app/849437?os=android
A135: https://www.taptap.cn/app/850454?os=android | B135: 经营传奇 | C135: 2026-04-29 | D135: 125 | E135: 106 | F135: 1 | G135: 2 | H135: =VLOOKUP(A135,[1]游戏清单!$A$2:$A$3064,1,FALSE) -> https://www.taptap.cn/app/850454?os=android
A136: https://www.taptap.cn/app/845129?os=android | B136: 水浒传卡牌世界 | C136: 2026-04-21 | D136: 218 | E136: 165 | F136: 1 | G136: 3 | H136: =VLOOKUP(A136,[1]游戏清单!$A$2:$A$3064,1,FALSE) -> https://www.taptap.cn/app/845129?os=android
A137: https://www.taptap.cn/app/845102?os=android | B137: 外包人生 | C137: 2026-04-18 | D137: 4080 | E137: 3513 | F137: 7.9 | G137: 19 | H137: =VLOOKUP(A137,[1]游戏清单!$A$2:$A$3064,1,FALSE) -> https://www.taptap.cn/app/845102?os=android
A138: https://www.taptap.cn/app/850099?os=android | B138: 开店模拟经营 | C138: 2026-04-29 | D138: 2807 | E138: 2417 | F138: 5.4 | G138: 16 | H138: =VLOOKUP(A138,[1]游戏清单!$A$2:$A$3064,1,FALSE) -> https://www.taptap.cn/app/850099?os=android
A139: https://www.taptap.cn/app/848924?os=android | B139: 三国争霸赛 | C139: 2026-04-25 | D139: 461 | E139: 354 | F139: 6.4 | G139: 12 | H139: =VLOOKUP(A139,[1]游戏清单!$A$2:$A$3064,1,FALSE) -> https://www.taptap.cn/app/848924?os=android
A140: https://www.taptap.cn/app/849963?os=android | B140: 获取失败 | C140: 获取失败 | D140: 获取失败 | E140: 获取失败 | F140: 获取失败 | G140: 获取失败 | H140: =VLOOKUP(A140,[1]游戏清单!$A$2:$A$3064,1,FALSE) -> https://www.taptap.cn/app/849963?os=android
A141: https://www.taptap.cn/app/848445?os=android | B141: 口袋深渊 | C141: 2026-04-28 | D141: 192 | E141: 160 | F141: 6.8 | G141: 6 | H141: =VLOOKUP(A141,[1]游戏清单!$A$2:$A$3064,1,FALSE) -> https://www.taptap.cn/app/848445?os=android
A142: https://www.taptap.cn/app/842343?os=android | B142: 你以为这只是捕鱼？ | C142: 2026-04-27 | D142: 407 | E142: 351 | F142: 7 | G142: 7 | H142: =VLOOKUP(A142,[1]游戏清单!$A$2:$A$3064,1,FALSE) -> https://www.taptap.cn/app/842343?os=android
A143: https://www.taptap.cn/app/832812?os=android | B143: 暗黑破晓 | C143: 2026-04-07 | D143: 942 | E143: 647 | F143: 5.9 | G143: 9 | H143: =VLOOKUP(A143,[1]游戏清单!$A$2:$A$3064,1,FALSE) -> https://www.taptap.cn/app/832812?os=android
A144: https://www.taptap.cn/app/848152?os=android | B144: 最后的病房 | C144: 2026-04-26 | D144: 905 | E144: 838 | F144: 9 | G144: 5 | H144: =VLOOKUP(A144,[1]游戏清单!$A$2:$A$3064,1,FALSE) -> https://www.taptap.cn/app/848152?os=android
A145: https://www.taptap.cn/app/842579?os=android | B145: 超级大富翁美食王国 | C145: 2026-04-14 | D145: 0 | E145: 84 | F145: 未找到 | G145: 未找到 | H145: =VLOOKUP(A145,[1]游戏清单!$A$2:$A$3064,1,FALSE) -> https://www.taptap.cn/app/842579?os=android
A146: https://www.taptap.cn/app/843373?os=android | B146: MBTI-WTF 搞笑伪人格测试 | C146: 2026-04-15 | D146: 0 | E146: 50 | F146: 未找到 | G146: 未找到 | H146: =VLOOKUP(A146,[1]游戏清单!$A$2:$A$3064,1,FALSE) -> https://www.taptap.cn/app/843373?os=android
A147: https://www.taptap.cn/app/840940?os=android | B147: 合成大西瓜 | C147: 2026-04-10 | D147: 0 | E147: 46 | F147: 未找到 | G147: 未找到 | H147: =VLOOKUP(A147,[1]游戏清单!$A$2:$A$3064,1,FALSE) -> https://www.taptap.cn/app/840940?os=android
A148: https://www.taptap.cn/app/848812?os=android | B148: 末日曙光：第几天 | C148: 2026-04-25 | D148: 0 | E148: 59 | F148: 1 | G148: 4 | H148: =VLOOKUP(A148,[1]游戏清单!$A$2:$A$3064,1,FALSE) -> https://www.taptap.cn/app/848812?os=android
A149: https://www.taptap.cn/app/839206?os=android | B149: 灵兽修真录 | C149: 2026-04-07 | D149: 0 | E149: 507 | F149: 4.9 | G149: 7 | H149: =VLOOKUP(A149,[1]游戏清单!$A$2:$A$3064,1,FALSE) -> https://www.taptap.cn/app/839206?os=android
A150: https://www.taptap.cn/app/846738?os=android | B150: 喵星小伙伴 | C150: 2026-04-22 | D150: 80 | E150: 74 | F150: 1 | G150: 1 | H150: =VLOOKUP(A150,[1]游戏清单!$A$2:$A$3064,1,FALSE) -> https://www.taptap.cn/app/846738?os=android
A151: https://www.taptap.cn/app/845314?os=android | B151: 星球染色计划 | C151: 2026-04-19 | D151: 31 | E151: 27 | F151: 1 | G151: 1 | H151: =VLOOKUP(A151,[1]游戏清单!$A$2:$A$3064,1,FALSE) -> https://www.taptap.cn/app/845314?os=android
A152: https://www.taptap.cn/app/849588?os=android | B152: 元素共鸣：无尽深渊 | C152: 2026-04-27 | D152: 1253 | E152: 960 | F152: 7.1 | G152: 10 | H152: =VLOOKUP(A152,[1]游戏清单!$A$2:$A$3064,1,FALSE) -> https://www.taptap.cn/app/849588?os=android
A153: https://www.taptap.cn/app/848856?os=android | B153: 末日安全屋 | C153: 2026-04-26 | D153: 5870 | E153: 5018 | F153: 5.3 | G153: 16 | H153: =VLOOKUP(A153,[1]游戏清单!$A$2:$A$3064,1,FALSE) -> https://www.taptap.cn/app/848856?os=android
A154: https://www.taptap.cn/app/840076?os=android | B154: 极寒末世：我的方舟能进化 | C154: 2026-04-13 | D154: 6880 | E154: 5614 | F154: 6.7 | G154: 16 | H154: =VLOOKUP(A154,[1]游戏清单!$A$2:$A$3064,1,FALSE) -> https://www.taptap.cn/app/840076?os=android
A155: https://www.taptap.cn/app/846924?os=android | B155: 灰烬幸存者 | C155: 2026-04-26 | D155: 162 | E155: 134 | F155: 1 | G155: 2 | H155: =VLOOKUP(A155,[1]游戏清单!$A$2:$A$3064,1,FALSE) -> https://www.taptap.cn/app/846924?os=android
A156: https://www.taptap.cn/app/848434?os=android | B156: 末世宝藏 | C156: 2026-04-27 | D156: 838 | E156: 671 | F156: 8 | G156: 8 | H156: =VLOOKUP(A156,[1]游戏清单!$A$2:$A$3064,1,FALSE) -> https://www.taptap.cn/app/848434?os=android
A157: https://www.taptap.cn/app/849586?os=android | B157: 60岁的我是什么样子 | C157: 2026-04-27 | D157: 866 | E157: 801 | F157: 6.2 | G157: 7 | H157: =VLOOKUP(A157,[1]游戏清单!$A$2:$A$3064,1,FALSE) -> https://www.taptap.cn/app/849586?os=android
A158: https://www.taptap.cn/app/848807?os=android | B158: 三国猛将无双 | C158: 2026-04-27 | D158: 379 | E158: 320 | F158: 1 | G158: 4 | H158: =VLOOKUP(A158,[1]游戏清单!$A$2:$A$3064,1,FALSE) -> https://www.taptap.cn/app/848807?os=android
A159: https://www.taptap.cn/app/828400?os=android | B159: 迷雾冒险家 | C159: 2026-04-28 | D159: 21 | E159: 18 | F159: 1 | G159: 1 | H159: =VLOOKUP(A159,[1]游戏清单!$A$2:$A$3064,1,FALSE) -> https://www.taptap.cn/app/828400?os=android
A160: https://www.taptap.cn/app/831367?os=android | B160: 诡异通讯 | C160: 2026-07-25 | D160: 0 | E160: 8 | F160: 未找到 | G160: 未找到 | H160: =VLOOKUP(A160,[1]游戏清单!$A$2:$A$3064,1,FALSE) -> https://www.taptap.cn/app/831367?os=android
A161: https://www.taptap.cn/app/847984?os=android | B161: 哥布林领主 | C161: 2026-04-27 | D161: 3794 | E161: 3118 | F161: 6.8 | G161: 41 | H161: =VLOOKUP(A161,[1]游戏清单!$A$2:$A$3064,1,FALSE) -> https://www.taptap.cn/app/847984?os=android
A162: https://www.taptap.cn/app/848728?os=android | B162: 开局一只蛋：史前对决 | C162: 2026-04-28 | D162: 4772 | E162: 4447 | F162: 8.4 | G162: 21 | H162: =VLOOKUP(A162,[1]游戏清单!$A$2:$A$3064,1,FALSE) -> https://www.taptap.cn/app/848728?os=android
...
